{"count":1,"self":244.40350719999998,"total":248.69747149999998,"children":{"InitializeActuators":{"count":1,"self":0.0010012999999999999,"total":0.0010012999999999999,"children":null},"InitializeSensors":{"count":1,"self":0.0010011,"total":0.0010011,"children":null},"AgentSendState":{"count":7030,"self":0.0502634,"total":1.2805195,"children":{"CollectObservations":{"count":7030,"self":1.1876206999999999,"total":1.1876206999999999,"children":null},"WriteActionMask":{"count":7030,"self":0.0054212999999999996,"total":0.0054212999999999996,"children":null},"RequestDecision":{"count":7030,"self":0.0372141,"total":0.0372141,"children":null}}},"DecideAction":{"count":7030,"self":2.9768323999999997,"total":2.9768323999999997,"children":null},"AgentAct":{"count":7030,"self":0.0345992,"total":0.0345992,"children":null}},"gauges":{},"metadata":{"timer_format_version":"0.1.0","start_time_seconds":"1732129942","unity_version":"2022.3.51f1","command_line_arguments":"C:\\Program Files\\Unity Hub\\Editor\\2022.3.51f1\\Editor\\Unity.exe -projectpath F:\\Projects\\Kart 2D -useHub -hubIPC -cloudEnvironment production -licensingIpc LicenseClient-Sorag -hubSessionId f697d22a-b5f1-4b27-98c3-760360f96100 -accessToken CSADXheJ0tXtFA-UmCicDtadqZO1XKPOsijZWMYzrRo004f","communication_protocol_version":"1.5.0","com.unity.ml-agents_version":"2.0.1","scene_name":"SampleScene","end_time_seconds":"1732130191"}}