{"count":1,"self":1111.9401983999999,"total":1725.109325,"children":{"InitializeActuators":{"count":8,"self":0.0009996,"total":0.0009996,"children":null},"InitializeSensors":{"count":8,"self":0.00051229999999999993,"total":0.00051229999999999993,"children":null},"AgentSendState":{"count":79676,"self":1.3055771999999999,"total":46.082688,"children":{"CollectObservations":{"count":637408,"self":40.105404799999995,"total":40.105404199999995,"children":null},"WriteActionMask":{"count":637408,"self":0.2553155,"total":0.2553155,"children":null},"RequestDecision":{"count":637408,"self":1.152279,"total":4.4163911,"children":{"AgentInfo.ToProto":{"count":637408,"self":0.9233254,"total":3.2641120999999997,"children":{"GenerateSensorData":{"count":637408,"self":2.3407868,"total":2.3407866999999998,"children":null}}}}}}},"DecideAction":{"count":79676,"self":565.832192,"total":565.83219079999992,"children":null},"AgentAct":{"count":79676,"self":1.2463201,"total":1.2463201,"children":null},"AgentInfo.ToProto":{"count":683,"self":0.0009998,"total":0.0053758999999999994,"children":{"GenerateSensorData":{"count":683,"self":0.0043761,"total":0.0043761,"children":null}}}},"gauges":{"F1FullT1.CumulativeReward":{"count":683,"max":275.929657,"min":13.1308584,"runningAverage":207.638748,"value":53.70274,"weightedAverage":132.890533}},"metadata":{"timer_format_version":"0.1.0","start_time_seconds":"1732107395","unity_version":"2022.3.51f1","command_line_arguments":"C:\\Program Files\\Unity Hub\\Editor\\2022.3.51f1\\Editor\\Unity.exe -projectpath F:\\Projects\\Kart 2D -useHub -hubIPC -cloudEnvironment production -licensingIpc LicenseClient-Sorag -hubSessionId f697d22a-b5f1-4b27-98c3-760360f96100 -accessToken CSADXheJ0tXtFA-UmCicDtadqZO1XKPOsijZWMYzrRo004f","communication_protocol_version":"1.5.0","com.unity.ml-agents_version":"2.0.1","scene_name":"SampleScene","end_time_seconds":"1732109120"}}