{
    "name": "root",
    "gauges": {
        "F1FullEditionPlusT1.Policy.Entropy.mean": {
            "value": 1.3606224060058594,
            "min": 1.3606224060058594,
            "max": 1.4173799753189087,
            "count": 14
        },
        "F1FullEditionPlusT1.Policy.Entropy.sum": {
            "value": 67889.6171875,
            "min": 67889.6171875,
            "max": 71295.6328125,
            "count": 14
        },
        "F1FullEditionPlusT1.Environment.EpisodeLength.mean": {
            "value": 757.5,
            "min": 116.35697399527187,
            "max": 1771.7777777777778,
            "count": 13
        },
        "F1FullEditionPlusT1.Environment.EpisodeLength.sum": {
            "value": 1515.0,
            "min": 1515.0,
            "max": 57875.0,
            "count": 13
        },
        "F1FullEditionPlusT1.Step.mean": {
            "value": 699956.0,
            "min": 49994.0,
            "max": 699956.0,
            "count": 14
        },
        "F1FullEditionPlusT1.Step.sum": {
            "value": 699956.0,
            "min": 49994.0,
            "max": 699956.0,
            "count": 14
        },
        "F1FullEditionPlusT1.Policy.ExtrinsicValueEstimate.mean": {
            "value": 0.892178475856781,
            "min": -3.778815746307373,
            "max": 8.160601615905762,
            "count": 14
        },
        "F1FullEditionPlusT1.Policy.ExtrinsicValueEstimate.sum": {
            "value": 696.7913818359375,
            "min": -3854.39208984375,
            "max": 6797.78125,
            "count": 14
        },
        "F1FullEditionPlusT1.Environment.CumulativeReward.mean": {
            "value": 68.10011219978333,
            "min": -21.199884001399788,
            "max": 68.39755457511237,
            "count": 13
        },
        "F1FullEditionPlusT1.Environment.CumulativeReward.sum": {
            "value": 136.20022439956665,
            "min": -5658.924739120528,
            "max": 5142.056387137622,
            "count": 13
        },
        "F1FullEditionPlusT1.Policy.ExtrinsicReward.mean": {
            "value": 68.10011219978333,
            "min": -21.199884001399788,
            "max": 68.39755457511237,
            "count": 13
        },
        "F1FullEditionPlusT1.Policy.ExtrinsicReward.sum": {
            "value": 136.20022439956665,
            "min": -5658.924739120528,
            "max": 5142.056387137622,
            "count": 13
        },
        "F1FullEditionPlusT1.Losses.PolicyLoss.mean": {
            "value": 0.017376958954458434,
            "min": 0.013782113865017893,
            "max": 0.017837001231188577,
            "count": 14
        },
        "F1FullEditionPlusT1.Losses.PolicyLoss.sum": {
            "value": 0.08688479477229216,
            "min": 0.05670094755478203,
            "max": 0.08918500615594288,
            "count": 14
        },
        "F1FullEditionPlusT1.Losses.ValueLoss.mean": {
            "value": 0.08473055827120941,
            "min": 0.08473055827120941,
            "max": 211.13427219738563,
            "count": 14
        },
        "F1FullEditionPlusT1.Losses.ValueLoss.sum": {
            "value": 0.42365279135604705,
            "min": 0.42365279135604705,
            "max": 844.5370887895425,
            "count": 14
        },
        "F1FullEditionPlusT1.Policy.LearningRate.mean": {
            "value": 0.0002999593044135652,
            "min": 0.0002999593044135652,
            "max": 0.0002999984619305127,
            "count": 14
        },
        "F1FullEditionPlusT1.Policy.LearningRate.sum": {
            "value": 0.0014997965220678259,
            "min": 0.001199910011189996,
            "max": 0.0014999784423671858,
            "count": 14
        },
        "F1FullEditionPlusT1.Policy.Epsilon.mean": {
            "value": 0.1999864348,
            "min": 0.1999864348,
            "max": 0.19999948730999997,
            "count": 14
        },
        "F1FullEditionPlusT1.Policy.Epsilon.sum": {
            "value": 0.999932174,
            "min": 0.7999700037200002,
            "max": 0.9999928141200001,
            "count": 14
        },
        "F1FullEditionPlusT1.Policy.Beta.mean": {
            "value": 0.00499932309652,
            "min": 0.00499932309652,
            "max": 0.004999974416769,
            "count": 14
        },
        "F1FullEditionPlusT1.Policy.Beta.sum": {
            "value": 0.0249966154826,
            "min": 0.019998503185628003,
            "max": 0.024999641424587993,
            "count": 14
        },
        "F1FullEditionPlusT1.IsTraining.mean": {
            "value": 1.0,
            "min": 1.0,
            "max": 1.0,
            "count": 14
        },
        "F1FullEditionPlusT1.IsTraining.sum": {
            "value": 1.0,
            "min": 1.0,
            "max": 1.0,
            "count": 14
        }
    },
    "metadata": {
        "timer_format_version": "0.1.0",
        "start_time_seconds": "1732110768",
        "python_version": "3.9.13 (tags/v3.9.13:6de2ca5, May 17 2022, 16:36:42) [MSC v.1929 64 bit (AMD64)]",
        "command_line_arguments": "F:\\Projects\\Kart Learning\\mlunityagents\\Scripts\\mlagents-learn config/F1.yaml",
        "mlagents_version": "0.30.0",
        "mlagents_envs_version": "0.30.0",
        "communication_protocol_version": "1.5.0",
        "pytorch_version": "2.2.2+cu121",
        "numpy_version": "1.21.2",
        "end_time_seconds": "1732111543"
    },
    "total": 775.6537413,
    "count": 1,
    "self": 0.010348500000077365,
    "children": {
        "run_training.setup": {
            "total": 0.14186229999999989,
            "count": 1,
            "self": 0.14186229999999989
        },
        "TrainerController.start_learning": {
            "total": 775.5015305,
            "count": 1,
            "self": 1.440031700013833,
            "children": {
                "TrainerController._reset_env": {
                    "total": 10.2968004,
                    "count": 1,
                    "self": 10.2968004
                },
                "TrainerController.advance": {
                    "total": 763.6759690999861,
                    "count": 79926,
                    "self": 1.3295089999885477,
                    "children": {
                        "env_step": {
                            "total": 612.9688970000034,
                            "count": 79926,
                            "self": 431.34993320003116,
                            "children": {
                                "SubprocessEnvManager._take_step": {
                                    "total": 180.6134951999777,
                                    "count": 79926,
                                    "self": 5.194137499979803,
                                    "children": {
                                        "TorchPolicy.evaluate": {
                                            "total": 175.4193576999979,
                                            "count": 79926,
                                            "self": 175.4193576999979
                                        }
                                    }
                                },
                                "workers": {
                                    "total": 1.005468599994515,
                                    "count": 79925,
                                    "self": 0.0,
                                    "children": {
                                        "worker_root": {
                                            "total": 760.2115344999855,
                                            "count": 79925,
                                            "is_parallel": true,
                                            "self": 411.66920219999076,
                                            "children": {
                                                "steps_from_proto": {
                                                    "total": 0.0004532999999984355,