{
    "name": "root",
    "gauges": {
        "F1FullEditionPlusT1.Policy.Entropy.mean": {
            "value": 1.4079370498657227,
            "min": 1.4079370498657227,
            "max": 1.4362988471984863,
            "count": 17
        },
        "F1FullEditionPlusT1.Policy.Entropy.sum": {
            "value": 70339.125,
            "min": 70294.9296875,
            "max": 72130.9296875,
            "count": 17
        },
        "F1FullEditionPlusT1.Step.mean": {
            "value": 849996.0,
            "min": 49978.0,
            "max": 849996.0,
            "count": 17
        },
        "F1FullEditionPlusT1.Step.sum": {
            "value": 849996.0,
            "min": 49978.0,
            "max": 849996.0,
            "count": 17
        },
        "F1FullEditionPlusT1.Policy.ExtrinsicValueEstimate.mean": {
            "value": -5.320568561553955,
            "min": -14.998496055603027,
            "max": 14.823454856872559,
            "count": 17
        },
        "F1FullEditionPlusT1.Policy.ExtrinsicValueEstimate.sum": {
            "value": -4160.6845703125,
            "min": -13183.677734375,
            "max": 13000.169921875,
            "count": 17
        },
        "F1FullEditionPlusT1.Environment.EpisodeLength.mean": {
            "value": 6791.0,
            "min": 176.5096525096525,
            "max": 6791.0,
            "count": 17
        },
        "F1FullEditionPlusT1.Environment.EpisodeLength.sum": {
            "value": 13582.0,
            "min": 13582.0,
            "max": 62180.0,
            "count": 17
        },
        "F1FullEditionPlusT1.Environment.CumulativeReward.mean": {
            "value": -21.014881029725075,
            "min": -258.11879040816655,
            "max": 77.9075559846242,
            "count": 17
        },
        "F1FullEditionPlusT1.Environment.CumulativeReward.sum": {
            "value": -42.02976205945015,
            "min": -15723.609299893957,
            "max": 9972.167166031897,
            "count": 17
        },
        "F1FullEditionPlusT1.Policy.ExtrinsicReward.mean": {
            "value": -21.014881029725075,
            "min": -258.11879040816655,
            "max": 77.9075559846242,
            "count": 17
        },
        "F1FullEditionPlusT1.Policy.ExtrinsicReward.sum": {
            "value": -42.02976205945015,
            "min": -15723.609299893957,
            "max": 9972.167166031897,
            "count": 17
        },
        "F1FullEditionPlusT1.Losses.PolicyLoss.mean": {
            "value": 0.017664927334214254,
            "min": 0.013407320498178402,
            "max": 0.018375513829911753,
            "count": 17
        },
        "F1FullEditionPlusT1.Losses.PolicyLoss.sum": {
            "value": 0.08832463667107127,
            "min": 0.05362928199271361,
            "max": 0.09187756914955876,
            "count": 17
        },
        "F1FullEditionPlusT1.Losses.ValueLoss.mean": {
            "value": 6.602181819279989,
            "min": 3.9048464012145994,
            "max": 2157.9938781738283,
            "count": 17
        },
        "F1FullEditionPlusT1.Losses.ValueLoss.sum": {
            "value": 33.01090909639994,
            "min": 19.524232006072996,
            "max": 10789.969390869142,
            "count": 17
        },
        "F1FullEditionPlusT1.Policy.LearningRate.mean": {
            "value": 0.0002999506443524518,
            "min": 0.0002999506443524518,
            "max": 0.0002999984600405133,
            "count": 17
        },
        "F1FullEditionPlusT1.Policy.LearningRate.sum": {
            "value": 0.001499753221762259,
            "min": 0.0011998260848379717,
            "max": 0.0014999784351671882,
            "count": 17
        },
        "F1FullEditionPlusT1.Policy.Epsilon.mean": {
            "value": 0.199983548112,
            "min": 0.199983548112,
            "max": 0.19999948668,
            "count": 17
        },
        "F1FullEditionPlusT1.Policy.Epsilon.sum": {
            "value": 0.99991774056,
            "min": 0.79994202826,
            "max": 0.9999928117200001,
            "count": 17
        },
        "F1FullEditionPlusT1.Policy.Beta.mean": {
            "value": 0.004999179050788801,
            "min": 0.004999179050788801,
            "max": 0.004999974385332,
            "count": 17
        },
        "F1FullEditionPlusT1.Policy.Beta.sum": {
            "value": 0.02499589525394401,
            "min": 0.019997107210174,
            "max": 0.024999641304828006,
            "count": 17
        },
        "F1FullEditionPlusT1.IsTraining.mean": {
            "value": 1.0,
            "min": 1.0,
            "max": 1.0,
            "count": 17
        },
        "F1FullEditionPlusT1.IsTraining.sum": {
            "value": 1.0,
            "min": 1.0,
            "max": 1.0,
            "count": 17
        }
    },
    "metadata": {
        "timer_format_version": "0.1.0",
        "start_time_seconds": "1732111819",
        "python_version": "3.9.13 (tags/v3.9.13:6de2ca5, May 17 2022, 16:36:42) [MSC v.1929 64 bit (AMD64)]",
        "command_line_arguments": "F:\\Projects\\Kart Learning\\mlunityagents\\Scripts\\mlagents-learn config/F1.yaml --force",
        "mlagents_version": "0.30.0",
        "mlagents_envs_version": "0.30.0",
        "communication_protocol_version": "1.5.0",
        "pytorch_version": "2.2.2+cu121",
        "numpy_version": "1.21.2",
        "end_time_seconds": "1732112774"
    },
    "total": 954.6163192,
    "count": 1,
    "self": 0.008532700000046134,
    "children": {
        "run_training.setup": {
            "total": 0.14806199999999992,
            "count": 1,
            "self": 0.14806199999999992
        },
        "TrainerController.start_learning": {
            "total": 954.4597245,
            "count": 1,
            "self": 1.8355733000065584,
            "children": {
                "TrainerController._reset_env": {
                    "total": 20.9850351,
                    "count": 1,
                    "self": 20.9850351
                },
                "TrainerController.advance": {
                    "total": 931.5623737999935,
                    "count": 99817,
                    "self": 1.7486174999881996,
                    "children": {
                        "env_step": {
                            "total": 742.5484522999933,
                            "count": 99817,
                            "self": 516.4317177000056,
                            "children": {
                                "SubprocessEnvManager._take_step": {
                                    "total": 224.41373659999317,
                                    "count": 99817,
                                    "self": 6.455144999994445,
                                    "children": {
                                        "TorchPolicy.evaluate": {
                                            "total": 217.95859159999873,
                                            "count": 99817,
                                            "self": 217.95859159999873
                                        }
                                    }
                                },
                                "workers": {
                                    "total": 1.7029979999945546,
                                    "count": 99816,
                                    "self": 0.0,
                                    "children": {
                                        "worker_root": {
                                            "total": 918.3149608000002,
                                            "count": 99816,
                                            "is_parallel": true,
                                            "self": 515.2196505999932,
                                            "children": {
                                                "steps_from_proto": {
                                                    "total": 0.0004843000000001041,